<md:EntityDescriptor xmlns="urn:oasis:names:tc:SAML:2.0:metadata" xmlns:md="urn:oasis:names:tc:SAML:2.0:metadata" xmlns:saml="urn:oasis:names:tc:SAML:2.0:assertion" xmlns:ds="http://www.w3.org/2000/09/xmldsig#" entityID="wazuh-saml" ID="ID_7f3283cd-9335-4360-b19b-e36c910efaf0"><md:SPSSODescriptor protocolSupportEnumeration="urn:oasis:names:tc:SAML:2.0:protocol" AuthnRequestsSigned="false" WantAssertionsSigned="true"><md:SingleLogoutService Binding="urn:oasis:names:tc:SAML:2.0:bindings:HTTP-POST" Location="https://wazuh.cyberorlysecurity.pl/_opendistro/_security/saml/acs"></md:SingleLogoutService><md:NameIDFormat>urn:oasis:names:tc:SAML:1.1:nameid-format:unspecified</md:NameIDFormat><md:AssertionConsumerService Binding="urn:oasis:names:tc:SAML:2.0:bindings:HTTP-POST" Location="https://wazuh.cyberorlysecurity.pl/_opendistro/_security/saml/acs/idpinitiated" isDefault="true" index="1"></md:AssertionConsumerService></md:SPSSODescriptor></md:EntityDescriptor>